id,data_inversa,dia_semana,horário,uf,br,km,município,causa_acidente,tipo_acidente,classificacao_acidente,fase_dia,sentido_via,condicao_metereologica,tipo_pista,tracado_via,uso_solo,pessoas,mortos,feridos_leves,feridos_graves,ilesos,ignorados,feridos,veiculos,latitude,longitude,regional,delegacia,uop
114141,26/02/18,segunda-feira,06:40:00,PB,230,512,CACHOEIRA DOS ÍNDIOS,Pista Escorregadia,Saída de leito carroçável,Com Vítimas Feridas,Pleno dia,Crescente,Chuva,Simples,Curva,Não,1,0,1,0,0,0,1,1,"-6,884796","-38,62239",SR-PB,DEL14/3,UOP03/PB
114164,26/02/18,segunda-feira,08:26:00,PB,230,25,JOÃO PESSOA,Falta de Atenção à Condução,Queda de ocupante de veículo,Com Vítimas Feridas,Pleno dia,Decrescente,Céu Claro,Múltipla,Não Informado,Sim,1,0,0,1,0,0,1,1,"-7,1707","-34,8684",SR-PB,DEL14/1,UOP00/PB
114326,26/02/18,segunda-feira,18:00:00,PB,230,"18,9",JOÃO PESSOA,Falta de Atenção à Condução,Engavetamento,Sem Vítimas,Plena Noite,Crescente,Céu Claro,Dupla,Reta,Sim,3,0,0,0,3,0,0,3,"-7,1302226","-34,8513564",SR-PB,DEL14/1,UOP00/PB
114393,27/02/18,terça-feira,00:45:00,PB,230,"23,1",JOÃO PESSOA,Velocidade Incompatível,Capotamento,Sem Vítimas,Plena Noite,Decrescente,Céu Claro,Simples,Reta,Não,1,0,0,0,0,1,0,1,"-7,1569502","-34,85784012",SR-PB,DEL14/1,UOP00/PB
114525,27/02/18,terça-feira,11:05:00,PB,230,"1,1",CABEDELO,Desobediência às normas de trânsito pelo condutor,Colisão lateral,Com Vítimas Feridas,Pleno dia,Crescente,Céu Claro,Simples,Interseção de vias,Sim,2,0,1,0,1,0,1,2,"-6,9753","-34,8318",SR-PB,DEL14/1,UOP00/PB
114572,27/02/18,terça-feira,15:55:00,PB,101,"99,6",ALHANDRA,Velocidade Incompatível,Saída de leito carroçável,Com Vítimas Feridas,Pleno dia,Crescente,Céu Claro,Dupla,Retorno Regulamentado,Não,4,0,3,0,1,0,3,1,"-7,261264","-34,936136",SR-PB,DEL14/1,UOP01/PB
122976,27/02/18,terça-feira,05:00:00,PB,101,"90,1",JOÃO PESSOA,Avarias e/ou desgaste excessivo no pneu,Queda de ocupante de veículo,Com Vítimas Feridas,Amanhecer,Decrescente,Céu Claro,Múltipla,Não Informado,Não,2,0,2,0,0,0,2,1,"-7,18566611","-34,90208387",SR-PB,DEL14/1,UOP01/PB
114696,28/02/18,quarta-feira,07:20:00,PB,230,157,CAMPINA GRANDE,Desobediência às normas de trânsito pelo condutor,Colisão transversal,Com Vítimas Feridas,Pleno dia,Crescente,Garoa/Chuvisco,Simples,Interseção de vias,Sim,4,0,2,0,2,0,2,2,"-7,24804681","-35,86143494",SR-PB,DEL14/2,UOP01/PB
114697,28/02/18,quarta-feira,06:25:00,PB,230,71,SOBRADO,Velocidade Incompatível,Colisão com objeto estático,Sem Vítimas,Pleno dia,Crescente,Garoa/Chuvisco,Dupla,Reta,Não,1,0,0,0,0,1,0,1,"-7,18597669","-35,26263718",SR-PB,DEL14/1,UOP02/PB
114718,28/02/18,quarta-feira,09:00:00,PB,101,"54,9",SANTA RITA,Defeito Mecânico no Veículo,Saída de leito carroçável,Com Vítimas Feridas,Pleno dia,Crescente,Chuva,Dupla,Curva,Não,3,0,3,0,0,0,3,1,"-6,965","-35,0848",SR-PB,DEL14/1,UOP03/PB
114790,28/02/18,quarta-feira,14:15:00,PB,230,5,CABEDELO,Falta de Atenção do Pedestre,Atropelamento de Pedestre,Com Vítimas Feridas,Pleno dia,Crescente,Chuva,Dupla,Reta,Não,2,0,0,1,1,0,1,1,"-7,03138678","-34,84107971",SR-PB,DEL14/1,UOP00/PB
114876,28/02/18,quarta-feira,16:00:00,PB,230,304,SANTA LUZIA,Velocidade Incompatível,Capotamento,Com Vítimas Fatais,Pleno dia,Crescente,Nublado,Simples,Reta,Não,1,1,0,0,0,0,0,1,"-6,910833","-37,013056",SR-PB,DEL14/3,UOP01/PB
114880,28/02/18,quarta-feira,21:25:00,PB,101,"88,5",JOÃO PESSOA,Falta de Atenção do Pedestre,Atropelamento de Pedestre,Com Vítimas Feridas,Plena Noite,Crescente,Chuva,Dupla,Reta,Sim,3,0,2,1,0,0,3,1,"-7,169921","-34,897323",SR-PB,DEL14/1,UOP00/PB
114885,28/02/18,quarta-feira,18:45:00,PB,104,"72,2",REMÍGIO,Pista Escorregadia,Capotamento,Com Vítimas Feridas,Plena Noite,Decrescente,Chuva,Simples,Reta,Não,1,0,0,1,0,0,1,1,"-6,891337","-35,901931",SR-PB,DEL14/2,UOP04/PB
114888,28/02/18,quarta-feira,19:20:00,PB,230,"323,8",QUIXABA,Fenômenos da Natureza,Colisão traseira,Com Vítimas Feridas,Plena Noite,Crescente,Chuva,Simples,Reta,Não,2,0,1,0,1,0,1,2,"-6,9823","-37,1718",SR-PB,DEL14/3,UOP01/PB
117773,28/02/18,quarta-feira,07:20:00,PB,230,"18,5",JOÃO PESSOA,Não guardar distância de segurança,Colisão lateral,Com Vítimas Feridas,Pleno dia,Crescente,Céu Claro,Dupla,Reta,Sim,2,0,1,0,1,0,1,2,"-7,1198","-34,8453",SR-PB,DEL14/1,UOP00/PB
114927,01/03/18,quinta-feira,07:00:00,PB,230,"329,9",QUIXABA,Falta de Atenção à Condução,Colisão transversal,Com Vítimas Feridas,Pleno dia,Crescente,Céu Claro,Simples,Não Informado,Não,2,0,0,1,1,0,1,2,"-7,0153460503","-37,2216567993",SR-PB,DEL14/3,UOP01/PB
114962,01/03/18,quinta-feira,09:20:00,PB,230,"165,6",CAMPINA GRANDE,Falta de Atenção à Condução,Colisão com objeto estático,Sem Vítimas,Pleno dia,Crescente,Céu Claro,Simples,Rotatória,Sim,1,0,0,0,1,0,0,1,"-7,20717544","-35,95481873",SR-PB,DEL14/2,UOP02/PB
114982,01/03/18,quinta-feira,13:10:00,PB,230,"64,5",SÃO MIGUEL DE TAIPU,Defeito na Via,Saída de leito carroçável,Sem Vítimas,Pleno dia,Crescente,Chuva,Dupla,Não Informado,Não,2,0,0,0,2,0,0,1,"-7,1944","-35,1754",SR-PB,DEL14/1,UOP02/PB
115007,01/03/18,quinta-feira,13:20:00,PB,104,"170,7",BARRA DE SANTANA,Agressão Externa,Capotamento,Sem Vítimas,Pleno dia,Crescente,Céu Claro,Simples,Curva,Não,1,0,0,0,1,0,0,1,"-7,58032779","-36,01593018",SR-PB,DEL14/2,UOP03/PB
115042,01/03/18,quinta-feira,16:45:00,PB,230,"48,9",SANTA RITA,Defeito na Via,Saída de leito carroçável,Sem Vítimas,Pleno dia,Decrescente,Chuva,Dupla,Retorno Regulamentado,Não,1,0,0,0,1,0,0,1,"-7,174","-35,0397",SR-PB,DEL14/1,UOP02/PB
115047,01/03/18,quinta-feira,17:25:00,PB,230,"44,5",SANTA RITA,Velocidade Incompatível,Tombamento,Com Vítimas Feridas,Pleno dia,Decrescente,Céu Claro,Dupla,Reta,Não,2,0,2,0,0,0,2,1,"-7,1531","-35,0102",SR-PB,DEL14/1,UOP02/PB
115086,01/03/18,quinta-feira,19:30:00,PB,230,147,CAMPINA GRANDE,Desobediência às normas de trânsito pelo condutor,Colisão lateral,Sem Vítimas,Plena Noite,Crescente,Céu Claro,Dupla,Rotatória,Sim,2,0,0,0,2,0,0,2,"-7,2299841","-35,8661521",SR-PB,DEL14/2,UOP01/PB
115105,01/03/18,quinta-feira,22:15:00,PB,101,"101,2",ALHANDRA,Falta de Atenção à Condução,Saída de leito carroçável,Com Vítimas Feridas,Plena Noite,Crescente,Nublado,Dupla,Reta,Não,2,0,2,0,0,0,2,1,"-7,274041","-34,938256",SR-PB,DEL14/1,UOP01/PB
119621,01/03/18,quinta-feira,09:15:00,PB,104,"117,2",LAGOA SECA,Falta de Atenção à Condução,Colisão traseira,Sem Vítimas,Pleno dia,Decrescente,Céu Claro,Simples,Reta,Não,2,0,0,0,2,0,0,2,"-7,2001134","-35,8669281",SR-PB,DEL14/2,UOP04/PB
115182,02/03/18,sexta-feira,09:30:00,PB,230,"172,9",CAMPINA GRANDE,Ultrapassagem Indevida,Tombamento,Com Vítimas Feridas,Pleno dia,Crescente,Céu Claro,Simples,Desvio Temporário,Não,3,0,0,1,1,1,1,2,"-7,18128833","-36,00631714",SR-PB,DEL14/2,UOP02/PB
115197,02/03/18,sexta-feira,10:00:00,PB,230,"91,8",GURINHÉM,Desobediência às normas de trânsito pelo condutor,Colisão traseira,Com Vítimas Feridas,Pleno dia,Decrescente,Nublado,Dupla,Reta,Não,4,0,2,0,2,0,2,2,"-7,18325639","-35,4296303",SR-PB,DEL14/1,UOP02/PB
115205,02/03/18,sexta-feira,11:15:00,PB,101,83,BAYEUX,Não guardar distância de segurança,Colisão traseira,Com Vítimas Feridas,Pleno dia,Decrescente,Chuva,Dupla,Viaduto,Sim,9,0,4,0,5,0,4,6,"-7,1366","-34,9264",SR-PB,DEL14/1,UOP00/PB
115211,02/03/18,sexta-feira,11:21:00,PB,101,"79,7",SANTA RITA,Pista Escorregadia,Saída de leito carroçável,Com Vítimas Feridas,Pleno dia,Decrescente,Chuva,Dupla,Curva,Sim,1,0,1,0,0,0,1,1,"-7,116498","-34,951044",SR-PB,DEL14/1,UOP00/PB
115247,02/03/18,sexta-feira,14:45:00,PB,230,31,JOÃO PESSOA,Condutor Dormindo,Colisão traseira,Com Vítimas Feridas,Pleno dia,Crescente,Céu Claro,Dupla,Reta,Sim,2,0,1,0,1,0,1,2,"-7,1549","-34,9077",SR-PB,DEL14/1,UOP00/PB
115269,02/03/18,sexta-feira,15:45:00,PB,230,"495,1",CAJAZEIRAS,Velocidade Incompatível,Saída de leito carroçável,Com Vítimas Feridas,Pleno dia,Decrescente,Chuva,Simples,Reta,Não,2,0,2,0,0,0,2,1,"-6,8838","-38,4671",SR-PB,DEL14/3,UOP03/PB
115301,02/03/18,sexta-feira,17:25:00,PB,230,49,SANTA RITA,Avarias e/ou desgaste excessivo no pneu,Capotamento,Sem Vítimas,Pleno dia,Decrescente,Nublado,Dupla,Curva,Não,1,0,0,0,1,0,0,1,"-7,18224245","-35,05077481",SR-PB,DEL14/1,UOP02/PB
115331,02/03/18,sexta-feira,14:30:00,PB,101,"126,5",CAAPORA,Falta de Atenção à Condução,Colisão lateral,Com Vítimas Feridas,Pleno dia,Decrescente,Ignorado,Dupla,Reta,Sim,4,0,1,1,1,1,2,2,"-7,49197319","-34,98274863",SR-PB,DEL14/1,UOP01/PB
115349,02/03/18,sexta-feira,19:40:00,PB,230,18,JOÃO PESSOA,Defeito Mecânico no Veículo,Saída de leito carroçável,Sem Vítimas,Plena Noite,Crescente,Céu Claro,Dupla,Não Informado,Sim,1,0,0,0,1,0,0,1,"-7,1198","-34,8453",SR-PB,DEL14/1,UOP00/PB
115411,03/03/18,sábado,05:00:00,PB,101,"19,9",RIO TINTO,Velocidade Incompatível,Saída de leito carroçável,Com Vítimas Feridas,Amanhecer,Decrescente,Nublado,Dupla,Curva,Não,1,0,1,0,0,0,1,1,"-6,6675","-35,1138",SR-PB,DEL14/1,UOP03/PB
115433,03/03/18,sábado,06:50:00,PB,230,"40,9",SANTA RITA,Velocidade Incompatível,Colisão com objeto estático,Sem Vítimas,Pleno dia,Crescente,Céu Claro,Dupla,Retorno Regulamentado,Não,1,0,0,0,0,1,0,1,"-7,143","-34,9891",SR-PB,DEL14/1,UOP00/PB
115466,03/03/18,sábado,09:20:00,PB,101,"13,3",MAMANGUAPE,Pista Escorregadia,Saída de leito carroçável,Com Vítimas Feridas,Pleno dia,Decrescente,Chuva,Dupla,Curva,Não,2,0,1,0,1,0,1,1,"-6,611498","-35,139782",SR-PB,DEL14/1,UOP03/PB
115515,03/03/18,sábado,15:15:00,PB,101,43,MAMANGUAPE,Velocidade Incompatível,Colisão com objeto estático,Sem Vítimas,Pleno dia,Decrescente,Garoa/Chuvisco,Dupla,Curva,Não,1,0,0,0,1,0,0,1,"-6,8634304","-35,133582",SR-PB,DEL14/1,UOP03/PB
115523,03/03/18,sábado,15:20:00,PB,230,136,CAMPINA GRANDE,Velocidade Incompatível,Saída de leito carroçável,Com Vítimas Feridas,Pleno dia,Crescente,Chuva,Dupla,Curva,Não,1,0,1,0,0,0,1,1,"-7,2818","-35,7675",SR-PB,DEL14/2,UOP01/PB
115595,03/03/18,sábado,19:25:00,PB,230,"33,3",BAYEUX,Velocidade Incompatível,Colisão transversal,Com Vítimas Feridas,Plena Noite,Crescente,Céu Claro,Dupla,Reta,Sim,3,0,1,0,1,1,1,2,"-7,136169","-34,926396",SR-PB,DEL14/1,UOP00/PB
115857,04/03/18,domingo,18:30:00,PB,230,509,CAJAZEIRAS,Ingestão de Álcool,Colisão transversal,Sem Vítimas,Plena Noite,Crescente,Céu Claro,Simples,Curva,Sim,2,0,0,0,2,0,0,2,"-6,892","-38,582",SR-PB,DEL14/3,UOP03/PB
115873,04/03/18,domingo,20:00:00,PB,230,"370,7",MALTA,Falta de Atenção à Condução,Colisão lateral,Com Vítimas Fatais,Plena Noite,Crescente,Céu Claro,Simples,Reta,Não,2,1,0,0,1,0,0,2,"-6,90865","-37,555568",SR-PB,DEL14/3,UOP02/PB
118852,04/03/18,domingo,17:15:00,PB,230,11,CABEDELO,Falta de Atenção à Condução,Colisão lateral,Com Vítimas Feridas,Anoitecer,Decrescente,Céu Claro,Dupla,Retorno Regulamentado,Sim,2,0,1,0,1,0,1,2,"-7,065138","-34,849837",SR-PB,DEL14/1,UOP00/PB
119655,04/03/18,domingo,13:20:00,PB,230,"123,1",CAMPINA GRANDE,Defeito Mecânico no Veículo,Capotamento,Com Vítimas Feridas,Pleno dia,Decrescente,Chuva,Dupla,Reta,Não,1,0,1,0,0,0,1,1,"-7,25449649","-35,66608429",SR-PB,DEL14/2,UOP01/PB
115972,05/03/18,segunda-feira,07:40:00,PB,101,"63,1",SANTA RITA,Velocidade Incompatível,Saída de leito carroçável,Com Vítimas Feridas,Pleno dia,Decrescente,Céu Claro,Dupla,Curva,Não,1,0,1,0,0,0,1,1,"-7,0381","-35,0532",SR-PB,DEL14/1,UOP03/PB
115994,05/03/18,segunda-feira,10:20:00,PB,230,"135,5",CAMPINA GRANDE,Avarias e/ou desgaste excessivo no pneu,Saída de leito carroçável,Com Vítimas Feridas,Pleno dia,Crescente,Sol,Dupla,Curva,Não,2,0,0,2,0,0,2,1,"-7,2789","-35,7591",SR-PB,DEL14/2,UOP01/PB
116023,05/03/18,segunda-feira,13:25:00,PB,230,35,SANTA RITA,Velocidade Incompatível,Engavetamento,Com Vítimas Feridas,Pleno dia,Decrescente,Céu Claro,Dupla,Não Informado,Sim,6,0,2,0,4,0,2,5,"-7,1268","-34,9412",SR-PB,DEL14/1,UOP00/PB
116033,05/03/18,segunda-feira,15:50:00,PB,230,"59,5",CRUZ DO ESPÍRITO SANTO,Desobediência às normas de trânsito pelo condutor,Colisão transversal,Com Vítimas Feridas,Pleno dia,Crescente,Céu Claro,Dupla,Reta,Não,4,0,4,0,0,0,4,2,"-7,20515306","-35,14177538",SR-PB,DEL14/1,UOP02/PB
116039,05/03/18,segunda-feira,16:30:00,PB,101,84,BAYEUX,Defeito Mecânico no Veículo,Atropelamento de Pedestre,Com Vítimas Feridas,Pleno dia,Decrescente,Céu Claro,Múltipla,Reta,Sim,2,0,1,0,1,0,1,1,"-7,1483","-34,9131",SR-PB,DEL14/1,UOP00/PB
116062,05/03/18,segunda-feira,13:20:00,PB,230,35,SANTA RITA,Falta de Atenção à Condução,Queda de ocupante de veículo,Com Vítimas Feridas,Pleno dia,Decrescente,Céu Claro,Dupla,Interseção de vias,Sim,2,0,0,1,0,1,1,2,"-7,1268","-34,9412",SR-PB,DEL14/1,UOP00/PB
116067,05/03/18,segunda-feira,18:10:00,PB,101,"36,7",MAMANGUAPE,Velocidade Incompatível,Saída de leito carroçável,Com Vítimas Feridas,Plena Noite,Crescente,Nublado,Dupla,Reta,Não,1,0,1,0,0,0,1,1,"-6,8143","-35,1389",SR-PB,DEL14/1,UOP03/PB
116070,05/03/18,segunda-feira,18:05:00,PB,230,5,CABEDELO,Ingestão de Álcool,Saída de leito carroçável,Sem Vítimas,Plena Noite,Decrescente,Céu Claro,Dupla,Reta,Não,1,0,0,0,0,1,0,1,"-7,01911995","-34,8348999",SR-PB,DEL14/1,UOP00/PB
116075,05/03/18,segunda-feira,16:45:00,PB,230,302,SANTA LUZIA,Avarias e/ou desgaste excessivo no pneu,Saída de leito carroçável,Sem Vítimas,Pleno dia,Decrescente,Chuva,Simples,Não Informado,Não,1,0,0,0,1,0,0,1,"-6,90607856","-36,99554533",SR-PB,DEL14/3,UOP01/PB
119890,05/03/18,segunda-feira,04:40:00,PB,230,169,CAMPINA GRANDE,Defeito Mecânico no Veículo,Colisão traseira,Com Vítimas Fatais,Plena Noite,Crescente,Céu Claro,Simples,Reta,Não,3,1,0,0,2,0,0,3,"-7,18946337","-35,96717834",SR-PB,DEL14/2,UOP02/PB
116143,06/03/18,terça-feira,05:15:00,PB,230,"508,4",CAJAZEIRAS,Animais na Pista,Atropelamento de Animal,Com Vítimas Feridas,Amanhecer,Crescente,Céu Claro,Simples,Reta,Não,1,0,1,0,0,0,1,1,"-6,8988","-38,5722",SR-PB,DEL14/3,UOP03/PB
116189,06/03/18,terça-feira,09:10:00,PB,101,117,CAAPORA,Pista Escorregadia,Colisão com objeto estático,Com Vítimas Feridas,Pleno dia,Decrescente,Chuva,Dupla,Reta,Não,2,0,1,0,1,0,1,1,"-7,4303","-34,9673",SR-PB,DEL14/1,UOP01/PB
116298,06/03/18,terça-feira,18:00:00,PB,230,"332,2",PATOS,Ingestão de Álcool,Colisão traseira,Com Vítimas Fatais,Plena Noite,Crescente,Céu Claro,Simples,Reta,Não,2,1,1,0,0,0,1,2,"-7,020018","-37,242122",SR-PB,DEL14/3,UOP01/PB
116320,06/03/18,terça-feira,15:45:00,PB,101,"78,1",SANTA RITA,Defeito na Via,Tombamento,Com Vítimas Feridas,Pleno dia,Crescente,Céu Claro,Dupla,Reta,Sim,2,0,2,0,0,0,2,1,"-7,1135","-34,961",SR-PB,DEL14/1,UOP00/PB
116407,07/03/18,quarta-feira,08:14:00,PB,101,"86,3",JOÃO PESSOA,Falta de Atenção à Condução,Colisão lateral,Sem Vítimas,Pleno dia,Crescente,Céu Claro,Dupla,Não Informado,Sim,2,0,0,0,2,0,0,2,"-7,15421","-34,908025",SR-PB,DEL14/1,UOP00/PB
116436,07/03/18,quarta-feira,09:30:00,PB,230,165,CAMPINA GRANDE,Desobediência às normas de trânsito pelo condutor,Colisão transversal,Com Vítimas Feridas,Pleno dia,Decrescente,Sol,Dupla,Interseção de vias,Não,2,0,1,0,1,0,1,2,"-7,20172565","-35,95069885",SR-PB,DEL14/2,UOP02/PB
116558,07/03/18,quarta-feira,20:10:00,PB,230,37,SANTA RITA,Falta de Atenção do Pedestre,Atropelamento de Pedestre,Com Vítimas Fatais,Plena Noite,Decrescente,Nublado,Dupla,Reta,Sim,4,1,0,0,3,0,0,1,"-7,131314","-34,956305",SR-PB,DEL14/1,UOP00/PB
116610,08/03/18,quinta-feira,05:00:00,PB,412,"23,6",BOA VISTA,Animais na Pista,Saída de leito carroçável,Com Vítimas Feridas,Amanhecer,Decrescente,Céu Claro,Simples,Reta,Não,1,0,1,0,0,0,1,1,"-7,281259","-36,2668",SR-PB,DEL14/2,UOP02/PB
116611,08/03/18,quinta-feira,06:05:00,PB,230,"28,8",JOÃO PESSOA,Falta de Atenção à Condução,Colisão lateral,Com Vítimas Feridas,Pleno dia,Decrescente,Céu Claro,Dupla,Reta,Sim,2,0,0,1,0,1,1,2,"-7,1663","-34,9",SR-PB,DEL14/1,UOP00/PB
116677,08/03/18,quinta-feira,10:00:00,PB,230,160,CAMPINA GRANDE,Desobediência às normas de trânsito pelo condutor,Colisão transversal,Com Vítimas Feridas,Pleno dia,Decrescente,Céu Claro,Simples,Reta,Não,2,0,1,0,1,0,1,2,"-7,24532217","-35,93833923",SR-PB,DEL14/2,UOP01/PB
116757,08/03/18,quinta-feira,16:25:00,PB,101,"0,5",MATARACA,Defeito Mecânico no Veículo,Incêndio,Sem Vítimas,Pleno dia,Crescente,Sol,Dupla,Reta,Não,2,0,0,0,2,0,0,1,"-6,518","-35,1118",SR-PB,DEL14/1,UOP03/PB
120149,08/03/18,quinta-feira,17:55:00,PB,230,24,JOÃO PESSOA,Velocidade Incompatível,Engavetamento,Com Vítimas Feridas,Anoitecer,Decrescente,Céu Claro,Dupla,Não Informado,Sim,4,0,1,0,3,0,1,3,"-7,1637","-34,8618",SR-PB,DEL14/1,UOP00/PB
116907,09/03/18,sexta-feira,11:30:00,PB,230,"27,9",JOÃO PESSOA,Defeito Mecânico no Veículo,Colisão com objeto estático,Sem Vítimas,Pleno dia,Crescente,Sol,Simples,Curva,Sim,1,0,0,0,1,0,0,1,"-7,1651","-34,8941",SR-PB,DEL14/1,UOP00/PB
117021,09/03/18,sexta-feira,18:20:00,PB,230,"467,9",SOUSA,Falta de Atenção à Condução,Colisão traseira,Com Vítimas Feridas,Anoitecer,Crescente,Céu Claro,Simples,Reta,Não,6,0,0,3,2,1,3,3,"-6,7813","-38,2606",SR-PB,DEL14/3,UOP03/PB
117079,09/03/18,sexta-feira,22:20:00,PB,230,"234,2",JUAZEIRINHO,Velocidade Incompatível,Atropelamento de Animal,Com Vítimas Feridas,Plena Noite,Crescente,Céu Claro,Simples,Reta,Não,3,0,1,0,2,0,1,1,"-7,043813","-36,52056634",SR-PB,DEL14/2,UOP02/PB
117756,09/03/18,sexta-feira,19:45:00,PB,230,56,CRUZ DO ESPÍRITO SANTO,Defeito Mecânico no Veículo,Saída de leito carroçável,Com Vítimas Feridas,Plena Noite,Crescente,Céu Claro,Dupla,Reta,Não,2,0,1,1,0,0,2,1,"-7,20565","-35,11104",SR-PB,DEL14/1,UOP02/PB
117199,10/03/18,sábado,09:00:00,PB,361,"110,8",ITAPORANGA,Velocidade Incompatível,Colisão transversal,Com Vítimas Feridas,Pleno dia,Crescente,Nublado,Simples,Reta,Sim,2,0,1,0,1,0,1,2,"-7,298814","-38,14613964",SR-PB,DEL14/3,UOP01/PB
117219,10/03/18,sábado,12:20:00,PB,230,"111,9",INGÁ,Desobediência às normas de trânsito pelo condutor,Colisão lateral,Sem Vítimas,Pleno dia,Crescente,Céu Claro,Dupla,Retorno Regulamentado,Não,2,0,0,0,1,1,0,2,"-7,2086","-35,5736",SR-PB,DEL14/1,UOP02/PB
117240,10/03/18,sábado,14:20:00,PB,101,"88,9",JOÃO PESSOA,Desobediência às normas de trânsito pelo condutor,Colisão transversal,Com Vítimas Feridas,Pleno dia,Crescente,Sol,Múltipla,Retorno Regulamentado,Sim,2,0,2,0,0,0,2,2,"-7,18118715","-34,90082932",SR-PB,DEL14/1,UOP00/PB
117255,10/03/18,sábado,15:43:00,PB,230,"33,8",SANTA RITA,Defeito Mecânico no Veículo,Colisão com objeto estático,Com Vítimas Feridas,Pleno dia,Crescente,Céu Claro,Múltipla,Reta,Não,2,0,1,0,1,0,1,1,"-7,12608171","-34,94334698",SR-PB,DEL14/1,UOP00/PB
117281,10/03/18,sábado,16:45:00,PB,230,"4,1",CABEDELO,Falta de Atenção à Condução,Colisão transversal,Com Vítimas Feridas,Anoitecer,Decrescente,Céu Claro,Dupla,Reta,Sim,3,0,1,0,1,1,1,2,-7,"-34,832057",SR-PB,DEL14/1,UOP00/PB
117555,11/03/18,domingo,16:45:00,PB,101,117,CAAPORA,Ingestão de Álcool,Saída de leito carroçável,Sem Vítimas,Pleno dia,Crescente,Céu Claro,Dupla,Não Informado,Não,1,0,0,0,1,0,0,1,"-7,415254","-34,958137",SR-PB,DEL14/1,UOP01/PB
117624,11/03/18,domingo,19:00:00,PB,104,"117,7",CAMPINA GRANDE,Não guardar distância de segurança,Colisão traseira,Com Vítimas Feridas,Plena Noite,Crescente,Céu Claro,Simples,Reta,Não,3,0,1,0,2,0,1,2,"-7,20777623","-35,87924485",SR-PB,DEL14/2,UOP04/PB