id,data_inversa,dia_semana,horário,uf,br,km,município,causa_acidente,tipo_acidente,classificacao_acidente,fase_dia,sentido_via,condicao_metereologica,tipo_pista,tracado_via,uso_solo,pessoas,mortos,feridos_leves,feridos_graves,ilesos,ignorados,feridos,veiculos,latitude,longitude,regional,delegacia,uop
143153,12/06/18,terça-feira,01:00:00,PB,104,"164,2",BARRA DE SANTANA,Animais na Pista,Saída de leito carroçável,Com Vítimas Feridas,Plena Noite,Decrescente,Nublado,Simples,Reta,Não,5,0,4,0,1,0,4,2,"-7,529933","-35,999794",SR-PB,DEL14/2,UOP03/PB
143976,12/06/18,terça-feira,09:00:00,PB,101,97,ALHANDRA,Velocidade Incompatível,Colisão com objeto estático,Com Vítimas Feridas,Pleno dia,Decrescente,Céu Claro,Dupla,Não Informado,Sim,1,0,1,0,0,0,1,1,"-7,258151","-34,9315388",SR-PB,DEL14/1,UOP01/PB
143977,12/06/18,terça-feira,12:15:00,PB,230,3,CABEDELO,Mal Súbito,Saída de leito carroçável,Com Vítimas Feridas,Pleno dia,Crescente,Sol,Dupla,Reta,Não,1,0,1,0,0,0,1,1,"-6,9915","-34,8287",SR-PB,DEL14/1,UOP00/PB
143989,12/06/18,terça-feira,17:18:00,PB,230,"4,5",CABEDELO,Falta de Atenção do Pedestre,Atropelamento de Pedestre,Com Vítimas Feridas,Anoitecer,Decrescente,Céu Claro,Simples,Não Informado,Sim,2,0,0,1,1,0,1,1,"-7,00771002","-34,8302114",SR-PB,DEL14/1,UOP00/PB
147593,12/06/18,terça-feira,13:30:00,PB,104,"115,4",LAGOA SECA,Falta de Atenção à Condução,Colisão traseira,Com Vítimas Feridas,Pleno dia,Crescente,Sol,Simples,Curva,Não,2,0,0,1,0,1,1,2,"-7,17555421","-35,86040735",SR-PB,DEL14/2,UOP04/PB
140024,14/06/18,quinta-feira,05:00:00,PB,412,"18,6",BOA VISTA,Avarias e/ou desgaste excessivo no pneu,Saída de leito carroçável,Sem Vítimas,Amanhecer,Crescente,Céu Claro,Simples,Curva,Não,1,0,0,0,0,1,0,1,"-7,254914","-36,230619",SR-PB,DEL14/2,UOP02/PB
142888,14/06/18,quinta-feira,10:20:00,PB,101,19,MAMANGUAPE,Velocidade Incompatível,Saída de leito carroçável,Com Vítimas Feridas,Pleno dia,Decrescente,Nublado,Dupla,Curva,Não,2,0,2,0,0,0,2,1,"-6,66177297","-35,11518538",SR-PB,DEL14/1,UOP03/PB
142891,14/06/18,quinta-feira,14:10:00,PB,230,66,SOBRADO,Velocidade Incompatível,Saída de leito carroçável,Sem Vítimas,Pleno dia,Crescente,Nublado,Dupla,Não Informado,Não,1,0,0,0,1,0,0,1,"-7,185272","-35,198628",SR-PB,DEL14/1,UOP02/PB
147741,14/06/18,quinta-feira,04:45:00,PB,101,"122,7",CAAPORA,Objeto estático sobre o leito carroçável,Colisão com objeto estático,Com Vítimas Feridas,Amanhecer,Decrescente,Céu Claro,Dupla,Não Informado,Não,2,0,1,0,1,0,1,2,"-7,4681","-34,9768",SR-PB,DEL14/1,UOP01/PB
140225,15/06/18,sexta-feira,05:50:00,PB,101,35,MAMANGUAPE,Não guardar distância de segurança,Colisão com objeto estático,Com Vítimas Feridas,Pleno dia,Crescente,Céu Claro,Dupla,Reta,Não,1,0,0,1,0,0,1,1,"-6,8061","-35,1402",SR-PB,DEL14/1,UOP03/PB
140299,15/06/18,sexta-feira,13:30:00,PB,101,"53,4",SANTA RITA,Falta de Atenção à Condução,Colisão traseira,Com Vítimas Feridas,Pleno dia,Crescente,Céu Claro,Dupla,Reta,Não,3,0,2,0,1,0,2,2,"-6,957","-35,089",SR-PB,DEL14/1,UOP03/PB
140341,15/06/18,sexta-feira,17:30:00,PB,230,"4,8",CABEDELO,Mal Súbito,Colisão com objeto estático,Com Vítimas Feridas,Anoitecer,Decrescente,Céu Claro,Dupla,Não Informado,Sim,1,0,1,0,0,0,1,1,"-7,0219992","-34,8358442",SR-PB,DEL14/1,UOP00/PB
140995,15/06/18,sexta-feira,19:45:00,PB,230,"373,3",CONDADO,Ingestão de Álcool,Tombamento,Com Vítimas Feridas,Plena Noite,Crescente,Céu Claro,Simples,Não Informado,Não,1,0,1,0,0,0,1,1,"-6,90678685","-37,57671833",SR-PB,DEL14/3,UOP02/PB
140497,16/06/18,sábado,08:50:00,PB,230,"26,1",JOÃO PESSOA,Falta de Atenção à Condução,Colisão com objeto estático,Sem Vítimas,Pleno dia,Decrescente,Chuva,Dupla,Curva,Sim,1,0,0,0,1,0,0,1,"-7,168662","-34,88344",SR-PB,DEL14/1,UOP00/PB
140656,16/06/18,sábado,22:40:00,PB,230,"503,2",CAJAZEIRAS,Velocidade Incompatível,Saída de leito carroçável,Com Vítimas Feridas,Plena Noite,Decrescente,Céu Claro,Simples,Curva,Não,1,0,1,0,0,0,1,1,"-6,898372","-38,54683",SR-PB,DEL14/3,UOP03/PB
140757,17/06/18,domingo,12:30:00,PB,230,68,SOBRADO,Agressão Externa,Tombamento,Com Vítimas Feridas,Pleno dia,Crescente,Nublado,Dupla,Reta,Não,7,0,3,1,1,2,4,1,"-7,19154968","-35,23175955",SR-PB,DEL14/1,UOP02/PB
140805,17/06/18,domingo,18:00:00,PB,405,"31,6",SÃO JOÃO DO RIO DO PEIXE,Desobediência às normas de trânsito pelo pedestre,Atropelamento de Pedestre,Com Vítimas Fatais,Plena Noite,Decrescente,Nublado,Simples,Reta,Sim,2,1,0,0,0,1,0,1,"-6,715598","-38,448819",SR-PB,DEL14/3,UOP03/PB
140812,17/06/18,domingo,17:55:00,PB,230,33,BAYEUX,Ingestão de Álcool,Colisão traseira,Com Vítimas Feridas,Plena Noite,Decrescente,Nublado,Dupla,Reta,Sim,2,0,1,0,1,0,1,2,"-7,138641","-34,924261",SR-PB,DEL14/1,UOP00/PB
140872,17/06/18,domingo,21:50:00,PB,230,133,MASSARANDUBA,Condutor Dormindo,Saída de leito carroçável,Com Vítimas Feridas,Plena Noite,Crescente,Céu Claro,Dupla,Curva,Não,1,0,0,1,0,0,1,1,"-7,272709","-35,750385",SR-PB,DEL14/2,UOP01/PB
144784,17/06/18,domingo,10:05:00,PB,101,"38,1",MAMANGUAPE,Falta de Atenção à Condução,Colisão com objeto estático,Com Vítimas Feridas,Pleno dia,Crescente,Garoa/Chuvisco,Dupla,Reta,Sim,2,0,1,0,1,0,1,1,"-6,82","-35,1392",SR-PB,DEL14/1,UOP03/PB
140879,18/06/18,segunda-feira,00:30:00,PB,230,32,BAYEUX,Ingestão de Álcool,Colisão com objeto estático,Com Vítimas Feridas,Plena Noite,Decrescente,Céu Claro,Dupla,Reta,Sim,2,0,2,0,0,0,2,1,"-7,1430617","-34,9192822",SR-PB,DEL14/1,UOP00/PB
140954,18/06/18,segunda-feira,00:00:00,PB,101,"53,4",SANTA RITA,Defeito Mecânico no Veículo,Incêndio,Sem Vítimas,Plena Noite,Crescente,Céu Claro,Dupla,Não Informado,Não,2,0,0,0,2,0,0,1,"-6,95","-35,093",SR-PB,DEL14/1,UOP03/PB
144788,18/06/18,segunda-feira,23:45:00,PB,230,"162,8",CAMPINA GRANDE,Velocidade Incompatível,Saída de leito carroçável,Sem Vítimas,Plena Noite,Decrescente,Céu Claro,Simples,Curva,Não,1,0,0,0,0,1,0,1,"-7,225421","-35,943294",SR-PB,DEL14/2,UOP01/PB
141198,19/06/18,terça-feira,14:40:00,PB,101,"120,4",CAAPORA,Pista Escorregadia,Saída de leito carroçável,Com Vítimas Feridas,Pleno dia,Decrescente,Chuva,Dupla,Não Informado,Não,1,0,1,0,0,0,1,1,"-7,43813477","-34,9766922",SR-PB,DEL14/1,UOP01/PB
141214,19/06/18,terça-feira,17:40:00,PB,230,"20,7",JOÃO PESSOA,Falta de Atenção à Condução,Queda de ocupante de veículo,Com Vítimas Feridas,Anoitecer,Crescente,Chuva,Dupla,Reta,Não,2,0,2,0,0,0,2,1,"-7,1337","-34,8544",SR-PB,DEL14/1,UOP00/PB
141299,20/06/18,quarta-feira,05:30:00,PB,230,136,CAMPINA GRANDE,Falta de Atenção à Condução,Saída de leito carroçável,Com Vítimas Feridas,Pleno dia,Crescente,Céu Claro,Dupla,Curva,Não,2,0,2,0,0,0,2,1,"-7,27724753","-35,77257335",SR-PB,DEL14/2,UOP01/PB
141359,20/06/18,quarta-feira,11:55:00,PB,101,42,MAMANGUAPE,Avarias e/ou desgaste excessivo no pneu,Saída de leito carroçável,Com Vítimas Feridas,Pleno dia,Crescente,Céu Claro,Dupla,Reta,Não,1,0,1,0,0,0,1,1,"-6,8686","-35,1329",SR-PB,DEL14/1,UOP03/PB
144791,20/06/18,quarta-feira,08:40:00,PB,101,"89,7",JOÃO PESSOA,Falta de Atenção à Condução,Colisão traseira,Com Vítimas Feridas,Pleno dia,Crescente,Céu Claro,Dupla,Não Informado,Sim,3,0,1,0,2,0,1,2,"-7,18056449","-34,90064621",SR-PB,DEL14/1,UOP01/PB
141494,21/06/18,quinta-feira,01:55:00,PB,361,"66,6",OLHO DAGUA,Condutor Dormindo,Colisão lateral,Com Vítimas Feridas,Plena Noite,Decrescente,Céu Claro,Simples,Curva,Não,2,0,2,0,0,0,2,2,"-7,2092","-37,7873",SR-PB,DEL14/3,UOP01/PB
141595,21/06/18,quinta-feira,15:20:00,PB,408,"9,9",MASSARANDUBA,Velocidade Incompatível,Saída de leito carroçável,Com Vítimas Feridas,Pleno dia,Decrescente,Céu Claro,Dupla,Curva,Não,1,0,1,0,0,0,1,1,"-7,27093955","-35,78668714",SR-PB,DEL14/2,UOP01/PB
141609,21/06/18,quinta-feira,17:15:00,PB,230,"514,1",BOM JESUS,Desobediência às normas de trânsito pelo condutor,Saída de leito carroçável,Com Vítimas Feridas,Anoitecer,Decrescente,Céu Claro,Simples,Reta,Não,1,0,1,0,0,0,1,1,"-6,8847","-38,6229",SR-PB,DEL14/3,UOP03/PB
147429,21/06/18,quinta-feira,10:30:00,PB,101,"84,3",BAYEUX,Não guardar distância de segurança,Colisão traseira,Sem Vítimas,Pleno dia,Decrescente,Céu Claro,Dupla,Reta,Sim,2,0,0,0,2,0,0,2,"-7,143594","-34,918153",SR-PB,DEL14/1,UOP00/PB
147620,21/06/18,quinta-feira,21:30:00,PB,104,"117,1",LAGOA SECA,Falta de Atenção à Condução,Queda de ocupante de veículo,Com Vítimas Fatais,Plena Noite,Decrescente,Céu Claro,Simples,Reta,Sim,1,1,0,0,0,0,0,1,"-7,184892","-35,866025",SR-PB,DEL14/2,UOP04/PB
152131,21/06/18,quinta-feira,01:50:00,PB,230,215,SOLEDADE,Falta de Atenção à Condução,Colisão lateral,Sem Vítimas,Pleno dia,Crescente,Céu Claro,Simples,Reta,Sim,2,0,0,0,2,0,0,2,"-7,0577","-36,3629",SR-PB,DEL14/2,UOP02/PB
141679,22/06/18,sexta-feira,03:30:00,PB,230,76,SOBRADO,Falta de Atenção do Pedestre,Saída de leito carroçável,Com Vítimas Feridas,Plena Noite,Crescente,Céu Claro,Dupla,Reta,Não,1,0,1,0,0,0,1,1,"-7,1889","-35,2782",SR-PB,DEL14/1,UOP02/PB
141733,22/06/18,sexta-feira,11:00:00,PB,230,"155,9",CAMPINA GRANDE,Desobediência às normas de trânsito pelo condutor,Colisão transversal,Com Vítimas Feridas,Pleno dia,Decrescente,Céu Claro,Simples,Curva,Sim,2,0,0,1,1,0,1,2,"-7,273717","-35,908256",SR-PB,DEL14/2,UOP01/PB
141918,22/06/18,sexta-feira,21:15:00,PB,230,"360,8",MALTA,Falta de Atenção à Condução,Saída de leito carroçável,Com Vítimas Fatais,Plena Noite,Crescente,Céu Claro,Simples,Reta,Não,1,1,0,0,0,0,0,1,"-6,91684","-37,468172",SR-PB,DEL14/3,UOP02/PB
147428,22/06/18,sexta-feira,19:40:00,PB,230,"12,2",CABEDELO,Velocidade Incompatível,Colisão traseira,Com Vítimas Feridas,Plena Noite,Decrescente,Céu Claro,Dupla,Reta,Sim,2,0,0,1,1,0,1,2,"-7,068","-34,85",SR-PB,DEL14/1,UOP00/PB
147619,22/06/18,sexta-feira,12:00:00,PB,230,"14,6",CABEDELO,Não guardar distância de segurança,Colisão lateral,Com Vítimas Feridas,Pleno dia,Decrescente,Sol,Dupla,Não Informado,Sim,2,0,1,1,0,0,2,2,"-7,09802342","-34,84783888",SR-PB,DEL14/1,UOP00/PB
141860,23/06/18,sábado,00:15:00,PB,230,"59,5",CRUZ DO ESPÍRITO SANTO,Ingestão de Álcool,Colisão frontal,Com Vítimas Feridas,Plena Noite,Decrescente,Céu Claro,Dupla,Reta,Não,3,0,3,0,0,0,3,2,"-7,2043","-35,1305",SR-PB,DEL14/1,UOP02/PB
141928,23/06/18,sábado,06:00:00,PB,230,"123,9",RIACHÃO DO BACAMARTE,Velocidade Incompatível,Capotamento,Com Vítimas Feridas,Pleno dia,Crescente,Nublado,Dupla,Curva,Não,3,0,2,1,0,0,3,1,"-7,25968312","-35,68668365",SR-PB,DEL14/2,UOP01/PB
142035,23/06/18,sábado,19:40:00,PB,104,118,LAGOA SECA,Desobediência às normas de trânsito pelo condutor,Colisão transversal,Com Vítimas Feridas,Plena Noite,Crescente,Céu Claro,Simples,Reta,Sim,3,0,2,0,1,0,2,2,"-7,196378","-35,875713",SR-PB,DEL14/2,UOP04/PB
148654,23/06/18,sábado,10:05:00,PB,230,"128,9",MASSARANDUBA,Falta de Atenção à Condução,Saída de leito carroçável,Com Vítimas Feridas,Pleno dia,Crescente,Céu Claro,Dupla,Curva,Não,1,0,1,0,0,0,1,1,"-7,2605","-35,7061",SR-PB,DEL14/2,UOP01/PB
142109,24/06/18,domingo,02:00:00,PB,230,"478,3",MARIZOPOLIS,Animais na Pista,Atropelamento de Animal,Com Vítimas Fatais,Plena Noite,Crescente,Céu Claro,Simples,Reta,Não,2,1,0,0,0,1,0,2,"-6,843488","-38,339724",SR-PB,DEL14/3,UOP03/PB
142123,24/06/18,domingo,03:00:00,PB,230,"153,8",CAMPINA GRANDE,Ultrapassagem Indevida,Colisão frontal,Com Vítimas Feridas,Plena Noite,Crescente,Nublado,Simples,Reta,Sim,2,0,0,1,0,1,1,2,"-7,29942879","-35,85731506",SR-PB,DEL14/2,UOP01/PB
142321,24/06/18,domingo,18:00:00,PB,230,"455,3",SOUSA,Desobediência às normas de trânsito pelo condutor,Atropelamento de Pedestre,Com Vítimas Fatais,Plena Noite,Crescente,Céu Claro,Simples,Reta,Não,3,1,0,2,0,0,2,2,"-6,78121656","-38,15723419",SR-PB,DEL14/3,UOP03/PB
143760,24/06/18,domingo,17:45:00,PB,101,"122,5",CAAPORA,Velocidade Incompatível,Colisão lateral,Com Vítimas Feridas,Anoitecer,Crescente,Chuva,Dupla,Não Informado,Não,3,0,2,0,1,0,2,2,"-7,4591","-34,9804",SR-PB,DEL14/1,UOP01/PB
149026,24/06/18,domingo,23:30:00,PB,101,96,ALHANDRA,Ingestão de Álcool,Saída de leito carroçável,Sem Vítimas,Plena Noite,Crescente,Nublado,Dupla,Reta,Não,1,0,0,0,1,0,0,1,"-7,2384","-34,9267",SR-PB,DEL14/1,UOP01/PB
149063,24/06/18,domingo,16:15:00,PB,230,56,CRUZ DO ESPÍRITO SANTO,Avarias e/ou desgaste excessivo no pneu,Tombamento,Com Vítimas Feridas,Pleno dia,Decrescente,Nublado,Dupla,Reta,Não,2,0,1,1,0,0,2,1,"-7,2021","-35,1038",SR-PB,DEL14/1,UOP02/PB
149065,24/06/18,domingo,08:40:00,PB,101,"94,7",CONDE,Velocidade Incompatível,Saída de leito carroçável,Com Vítimas Feridas,Pleno dia,Decrescente,Chuva,Dupla,Curva,Não,1,0,1,0,0,0,1,1,"-7,2241","-34,9148",SR-PB,DEL14/1,UOP01/PB
142481,25/06/18,segunda-feira,14:35:00,PB,101,"83,1",BAYEUX,Não guardar distância de segurança,Colisão traseira,Sem Vítimas,Pleno dia,Crescente,Sol,Dupla,Reta,Sim,5,0,0,0,5,0,0,5,"-7,13532231","-34,92791891",SR-PB,DEL14/1,UOP00/PB
142510,25/06/18,segunda-feira,16:15:00,PB,230,"158,2",CAMPINA GRANDE,Desobediência às normas de trânsito pelo condutor,Colisão transversal,Sem Vítimas,Pleno dia,Crescente,Nublado,Simples,Interseção de vias,Sim,2,0,0,0,2,0,0,2,"-7,2495128","-35,921506",SR-PB,DEL14/2,UOP01/PB
142595,25/06/18,segunda-feira,18:00:00,PB,230,"240,7",JUAZEIRINHO,Desobediência às normas de trânsito pelo condutor,Atropelamento de Pedestre,Com Vítimas Feridas,Plena Noite,Crescente,Céu Claro,Simples,Reta,Sim,2,0,1,1,0,0,2,1,"-7,0634","-36,563",SR-PB,DEL14/2,UOP02/PB
148656,25/06/18,segunda-feira,02:50:00,PB,230,"14,1",CABEDELO,Velocidade Incompatível,Saída de leito carroçável,Com Vítimas Feridas,Plena Noite,Crescente,Céu Claro,Dupla,Curva,Sim,5,0,4,1,0,0,5,1,"-7,0907974","-34,8484952",SR-PB,DEL14/1,UOP00/PB
168721,25/06/18,segunda-feira,20:15:00,PB,230,40,SANTA RITA,Falta de Atenção à Condução,Saída de leito carroçável,Sem Vítimas,Plena Noite,Decrescente,Céu Claro,Dupla,Desvio Temporário,Não,3,0,0,0,3,0,0,1,"-7,14164935","-34,97812774",SR-PB,DEL14/1,UOP00/PB
200588,25/06/18,segunda-feira,16:40:00,PB,230,34,BAYEUX,Não guardar distância de segurança,Engavetamento,Com Vítimas Feridas,Pleno dia,Decrescente,Céu Claro,Dupla,Reta,Sim,4,0,1,0,2,1,1,3,"-7,1280512","-34,93959725",SR-PB,DEL14/1,UOP01/PB
142796,26/06/18,terça-feira,18:40:00,PB,230,16,JOÃO PESSOA,Não guardar distância de segurança,Colisão transversal,Com Vítimas Feridas,Plena Noite,Crescente,Céu Claro,Dupla,Interseção de vias,Sim,2,0,1,0,1,0,1,2,"-7,107656","-34,8432077",SR-PB,DEL14/1,UOP00/PB
142845,27/06/18,quarta-feira,02:50:00,PB,101,30,MAMANGUAPE,Condutor Dormindo,Saída de leito carroçável,Com Vítimas Feridas,Plena Noite,Crescente,Céu Claro,Dupla,Reta,Não,1,0,1,0,0,0,1,1,"-6,74676808","-35,13344762",SR-PB,DEL14/1,UOP03/PB
142884,27/06/18,quarta-feira,09:10:00,PB,230,"329,7",QUIXABA,Desobediência às normas de trânsito pelo condutor,Colisão transversal,Com Vítimas Fatais,Pleno dia,Crescente,Céu Claro,Simples,Interseção de vias,Não,3,1,0,1,1,0,1,2,"-7,015268","-37,221698",SR-PB,DEL14/3,UOP01/PB
142900,27/06/18,quarta-feira,10:25:00,PB,230,"18,5",JOÃO PESSOA,Não guardar distância de segurança,Colisão lateral,Com Vítimas Feridas,Pleno dia,Crescente,Sol,Dupla,Não Informado,Sim,5,0,2,1,2,0,3,3,"-7,12628398","-34,84550536",SR-PB,DEL14/1,UOP00/PB
143014,27/06/18,quarta-feira,20:25:00,PB,230,36,SANTA RITA,Falta de Atenção à Condução,Colisão lateral,Com Vítimas Feridas,Plena Noite,Crescente,Céu Claro,Dupla,Interseção de vias,Não,2,0,0,1,1,0,1,2,"-7,1246","-34,9473",SR-PB,DEL14/1,UOP00/PB
143015,27/06/18,quarta-feira,19:35:00,PB,230,"73,9",SOBRADO,Condutor Dormindo,Saída de leito carroçável,Sem Vítimas,Plena Noite,Decrescente,Céu Claro,Dupla,Reta,Não,1,0,0,0,1,0,0,1,"-7,19074957","-35,26419103",SR-PB,DEL14/1,UOP02/PB
148664,27/06/18,quarta-feira,15:00:00,PB,230,"19,1",JOÃO PESSOA,Não guardar distância de segurança,Colisão traseira,Com Vítimas Feridas,Pleno dia,Decrescente,Nublado,Múltipla,Reta,Sim,2,0,1,0,1,0,1,2,"-7,1294192","-34,85010803",SR-PB,DEL14/1,UOP00/PB
148665,27/06/18,quarta-feira,23:00:00,PB,230,"17,1",JOÃO PESSOA,Ingestão de Álcool,Colisão lateral,Sem Vítimas,Plena Noite,Decrescente,Céu Claro,Dupla,Não Informado,Sim,3,0,0,0,2,1,0,2,"-7,11624473","-34,84191656",SR-PB,DEL14/1,UOP00/PB
167350,27/06/18,quarta-feira,20:30:00,PB,412,"26,8",BOA VISTA,Ingestão de Álcool,Colisão frontal,Com Vítimas Feridas,Plena Noite,Crescente,Céu Claro,Simples,Reta,Não,2,0,0,2,0,0,2,2,"-7,287084","-36,287048",SR-PB,DEL14/2,UOP02/PB
143095,28/06/18,quinta-feira,08:30:00,PB,101,42,MAMANGUAPE,Condutor Dormindo,Colisão com objeto estático,Sem Vítimas,Pleno dia,Crescente,Céu Claro,Dupla,Desvio Temporário,Não,1,0,0,0,1,0,0,1,"-6,853795","-35,135702",SR-PB,DEL14/1,UOP03/PB
143112,28/06/18,quinta-feira,10:10:00,PB,101,"85,8",JOÃO PESSOA,Falta de Atenção à Condução,Colisão traseira,Sem Vítimas,Pleno dia,Crescente,Chuva,Múltipla,Reta,Sim,2,0,0,0,2,0,0,2,"-7,15017164","-34,91125238",SR-PB,DEL14/1,UOP00/PB
143132,28/06/18,quinta-feira,12:50:00,PB,230,"16,8",JOÃO PESSOA,Falta de Atenção à Condução,Engavetamento,Sem Vítimas,Pleno dia,Decrescente,Sol,Dupla,Curva,Sim,6,0,0,0,6,0,0,6,"-7,11336227","-34,84219927",SR-PB,DEL14/1,UOP00/PB
143189,28/06/18,quinta-feira,17:00:00,PB,230,7,CABEDELO,Falta de Atenção à Condução,Colisão traseira,Com Vítimas Feridas,Anoitecer,Decrescente,Céu Claro,Dupla,Reta,Sim,2,0,1,0,1,0,1,2,"-7,0278919","-34,8388916",SR-PB,DEL14/1,UOP00/PB
149059,28/06/18,quinta-feira,10:20:00,PB,101,82,BAYEUX,Falta de Atenção à Condução,Colisão lateral,Com Vítimas Feridas,Pleno dia,Crescente,Céu Claro,Dupla,Reta,Sim,2,0,1,0,0,1,1,2,"-7,13019103","-34,9351716",SR-PB,DEL14/1,UOP00/PB
152279,28/06/18,quinta-feira,13:50:00,PB,230,"20,6",JOÃO PESSOA,Falta de Atenção à Condução,Colisão traseira,Com Vítimas Feridas,Pleno dia,Decrescente,Sol,Dupla,Reta,Não,2,0,1,0,1,0,1,2,"-7,14492467","-34,85101461",SR-PB,DEL14/1,UOP00/PB
143303,29/06/18,sexta-feira,09:00:00,PB,230,"22,2",JOÃO PESSOA,Não guardar distância de segurança,Tombamento,Com Vítimas Feridas,Pleno dia,Decrescente,Sol,Dupla,Reta,Sim,1,0,0,1,0,0,1,1,"-7,159503","-34,8592",SR-PB,DEL14/1,UOP00/PB
143373,29/06/18,sexta-feira,14:15:00,PB,230,28,JOÃO PESSOA,Velocidade Incompatível,Tombamento,Com Vítimas Feridas,Pleno dia,Decrescente,Céu Claro,Simples,Curva,Sim,1,0,1,0,0,0,1,1,"-7,16608748","-34,89495993",SR-PB,DEL14/1,UOP00/PB
149358,29/06/18,sexta-feira,13:20:00,PB,230,"44,2",SANTA RITA,Falta de Atenção à Condução,Colisão lateral,Com Vítimas Feridas,Pleno dia,Decrescente,Sol,Dupla,Reta,Não,2,0,1,0,1,0,1,2,"-7,1531","-35,0102",SR-PB,DEL14/1,UOP02/PB
143514,30/06/18,sábado,03:40:00,PB,412,"106,4",SUMÉ,Falta de Atenção à Condução,Saída de leito carroçável,Com Vítimas Fatais,Plena Noite,Decrescente,Céu Claro,Simples,Reta,Não,1,1,0,0,0,0,0,1,"-7,65846","-36,8731",SR-PB,DEL14/2,UOP02/PB
143526,30/06/18,sábado,06:25:00,PB,101,"85,8",JOÃO PESSOA,Desobediência às normas de trânsito pelo condutor,Atropelamento de Pedestre,Com Vítimas Feridas,Pleno dia,Decrescente,Céu Claro,Dupla,Reta,Não,3,0,0,1,0,2,1,1,"-7,1548","-34,9077",SR-PB,DEL14/1,UOP00/PB
145802,30/06/18,sábado,13:20:00,PB,230,20,JOÃO PESSOA,Desobediência às normas de trânsito pelo condutor,Colisão lateral,Com Vítimas Feridas,Pleno dia,Crescente,Céu Claro,Dupla,Reta,Não,2,0,1,0,1,0,1,2,"-7,13888862","-34,85262394",SR-PB,DEL14/1,UOP00/PB